{"cameraMode":{"drawMode":0,"name":"Shaded","section":"Shading Mode"},"sceneLighting":false,"audioPlay":false,"sceneViewState":{"m_AlwaysRefresh":false,"showFog":true,"showSkybox":false,"showFlares":true,"showImageEffects":true,"showParticleSystems":true,"showVisualEffectGraphs":true,"m_FxEnabled":true},"in2DMode":false,"pivot":{"x":16.896011352539064,"y":13.323094367980957,"z":1.7752211093902588},"rotation":{"x":0.015127314254641533,"y":-0.6934679746627808,"z":0.014563968405127526,"w":0.7201866507530212},"size":0.6388148665428162,"orthographic":true}