{"cameraMode":{"drawMode":0,"name":"Shaded","section":"Shading Mode"},"sceneLighting":false,"audioPlay":false,"sceneViewState":{"m_AlwaysRefresh":false,"showFog":true,"showSkybox":false,"showFlares":true,"showImageEffects":true,"showParticleSystems":true,"showVisualEffectGraphs":true,"m_FxEnabled":true},"in2DMode":false,"pivot":{"x":-1.6954542398452759,"y":-0.09134945273399353,"z":-2.1155953407287599},"rotation":{"x":0.12943461537361146,"y":0.03866163268685341,"z":-0.005050548352301121,"w":0.9908223748207092},"size":0.30922871828079226,"orthographic":false}